INDEX,CAR
9,0.001274
10,0.003299
29,-0.015193
30,-0.016458
40,0.026781
41,-0.021561
60,-0.158659
61,-0.002888
68,0.032313
69,0.027966
