INDEX,CAR
1,0.008467
11,-0.058631
27,-0.074145
37,-0.015376
51,0.008859
63,-0.068879
